,ID,NN
A,A,4.1737540460788765
E,E,13.724172693049056
I,I,5.527664623950433
J,J,8.364121825624299
K,K,3.7912986282558054
M,M,2.9231027412522987
N,N,3.399292695478314
O,O,3.389736627769482
