,ID,NN
A,A,3.1045564786618822
E,E,5.027593344563752
I,I,5.101188105584997
J,J,4.244688564887298
K,K,5.126453839345367
M,M,2.4101254285111584
N,N,3.800212613252058
O,O,3.704144464481012
