,ID,NN
A,A,3.62284718412491
E,E,8.498653235246103
G,G,14.512563673760832
H,H,25.73909020331735
I,I,3.264976292028193
J,J,3.4096397083974903
K,K,3.882904568675866
L,L,10.814038632525737
M,M,2.639500298912137
N,N,4.575465733430181
O,O,4.695653809037529
