,ID,NN
A,A,1.7334425674379519
E,E,26.28115760662309
I,I,2.4832377710251907
J,J,1.7974044907574582
K,K,2.1693131340653644
M,M,1.3547313099764613
N,N,1.7539705603830809
O,O,1.9990687151336426
