,ID,NN
A,A,3.447865038485326
E,E,4.652383539184505
G,G,24.51719699904713
H,H,25.56100310785875
I,I,3.2657931142944743
J,J,3.2925917003108456
K,K,3.549251292660756
L,L,25.17494115938086
M,M,2.268105850734427
N,N,9.948567750032826
O,O,4.347748002128233
