,ID,NN
A,A,3.8661125875676534
E,E,13.773375637556674
I,I,4.112571288256037
J,J,3.3239293978830413
K,K,4.2942470447341
M,M,2.452194654502115
N,N,4.1355242037816335
O,O,3.6199141857080073
