,ID,Linear,Ridge,SVR
I,I,8.185804152992194,7.830121988626137,8.302898683079661
